ID,Title,Category,Details,Cost_USD,Quality_Material,Quality_Durability_Rating_1to5,Warranty_Months,Sustainability_CO2_kg
1,Generic Brand Tailored Blazer — Studio (polyester),Clothing,Tailored Blazer cut in a studio silhouette. Fabric: polyester. Everyday-ready with refined construction and lasting comfort.,198.44,polyester,4,6,43.5
2,Generic Brand Relaxed Cardigan — Studio (linen),Clothing,Relaxed Cardigan cut in a studio silhouette. Fabric: linen. Everyday-ready with refined construction and lasting comfort.,48.68,linen,4,36,7.1
3,Generic Brand Classic Oxford Shirt — Urban (linen),Clothing,Classic Oxford Shirt cut in a urban silhouette. Fabric: linen. Everyday-ready with refined construction and lasting comfort.,209.84,linen,5,36,37.3
4,Generic Brand Poplin Button-Down — Urban (cashmere blend),Clothing,Poplin Button-Down cut in a urban silhouette. Fabric: cashmere blend. Everyday-ready with refined construction and lasting comfort.,239.67,cashmere blend,3,6,8.4
5,Generic Brand Pleated Midi Dress — Studio (hemp blend),Clothing,Pleated Midi Dress cut in a studio silhouette. Fabric: hemp blend. Everyday-ready with refined construction and lasting comfort.,197.39,hemp blend,4,24,32.7
6,Generic Brand Satin Slip Skirt — Premium (merino wool),Clothing,Satin Slip Skirt cut in a premium silhouette. Fabric: merino wool. Everyday-ready with refined construction and lasting comfort.,91.48,merino wool,4,36,9.2
7,Generic Brand Wide-Leg Trousers — Performance (cashmere blend),Clothing,Wide-Leg Trousers cut in a performance silhouette. Fabric: cashmere blend. Everyday-ready with refined construction and lasting comfort.,171.76,cashmere blend,5,12,21.9
8,Generic Brand Straight-Leg Jeans — Classic (polyester),Clothing,Straight-Leg Jeans cut in a classic silhouette. Fabric: polyester. Everyday-ready with refined construction and lasting comfort.,105.02,polyester,5,12,8.0
9,Generic Brand High-Rise Culottes — Classic (recycled nylon),Clothing,High-Rise Culottes cut in a classic silhouette. Fabric: recycled nylon. Everyday-ready with refined construction and lasting comfort.,105.59,recycled nylon,4,6,36.2
10,Generic Brand Linen Utility Jacket — Premium (hemp blend),Clothing,Linen Utility Jacket cut in a premium silhouette. Fabric: hemp blend. Everyday-ready with refined construction and lasting comfort.,70.98,hemp blend,4,0,15.7
11,Generic Brand Trench Coat — Bold (merino wool),Clothing,Trench Coat cut in a bold silhouette. Fabric: merino wool. Everyday-ready with refined construction and lasting comfort.,194.09,merino wool,5,24,13.5
12,Generic Brand Quilted Liner Jacket — Studio (hemp blend),Clothing,Quilted Liner Jacket cut in a studio silhouette. Fabric: hemp blend. Everyday-ready with refined construction and lasting comfort.,218.87,hemp blend,4,12,15.8
13,Generic Brand Cable-Knit Crewneck — Soft (cashmere blend),Clothing,Cable-Knit Crewneck cut in a soft silhouette. Fabric: cashmere blend. Everyday-ready with refined construction and lasting comfort.,96.4,cashmere blend,5,12,41.5
14,Generic Brand Merino V-Neck — Soft (organic cotton),Clothing,Merino V-Neck cut in a soft silhouette. Fabric: organic cotton. Everyday-ready with refined construction and lasting comfort.,35.88,organic cotton,3,18,44.6
15,Generic Brand Boxy Crop Tee — Bold (recycled nylon),Clothing,Boxy Crop Tee cut in a bold silhouette. Fabric: recycled nylon. Everyday-ready with refined construction and lasting comfort.,161.12,recycled nylon,4,12,34.4
16,Generic Brand Seamless Tank — Premium (recycled nylon),Clothing,Seamless Tank cut in a premium silhouette. Fabric: recycled nylon. Everyday-ready with refined construction and lasting comfort.,29.44,recycled nylon,5,6,28.0
17,Generic Brand Ponte Knit Pants — Urban (recycled nylon),Clothing,Ponte Knit Pants cut in a urban silhouette. Fabric: recycled nylon. Everyday-ready with refined construction and lasting comfort.,182.3,recycled nylon,5,18,43.4
18,Generic Brand Wrap Midi Skirt — Eco (modal blend),Clothing,Wrap Midi Skirt cut in a eco silhouette. Fabric: modal blend. Everyday-ready with refined construction and lasting comfort.,239.01,modal blend,5,0,43.5
19,Generic Brand Ribbed Knit Dress — Minimal (organic cotton),Clothing,Ribbed Knit Dress cut in a minimal silhouette. Fabric: organic cotton. Everyday-ready with refined construction and lasting comfort.,206.04,organic cotton,4,12,26.9
20,Generic Brand A-Line Day Dress — Classic (cashmere blend),Clothing,A-Line Day Dress cut in a classic silhouette. Fabric: cashmere blend. Everyday-ready with refined construction and lasting comfort.,224.08,cashmere blend,4,12,9.6
21,Generic Brand Smocked Blouse — Urban (recycled nylon),Clothing,Smocked Blouse cut in a urban silhouette. Fabric: recycled nylon. Everyday-ready with refined construction and lasting comfort.,41.13,recycled nylon,5,6,9.3
22,Generic Brand Peplum Top — Minimal (hemp blend),Clothing,Peplum Top cut in a minimal silhouette. Fabric: hemp blend. Everyday-ready with refined construction and lasting comfort.,230.95,hemp blend,4,0,28.5
23,Generic Brand Corduroy Skirt — Heritage (bamboo viscose),Clothing,Corduroy Skirt cut in a heritage silhouette. Fabric: bamboo viscose. Everyday-ready with refined construction and lasting comfort.,109.45,bamboo viscose,5,18,25.0
24,Generic Brand Vegan Leather Pants — Studio (recycled nylon),Clothing,Vegan Leather Pants cut in a studio silhouette. Fabric: recycled nylon. Everyday-ready with refined construction and lasting comfort.,41.64,recycled nylon,3,6,23.9
25,Generic Brand Faux-Suede Jacket — Heritage (vegan leather),Clothing,Faux-Suede Jacket cut in a heritage silhouette. Fabric: vegan leather. Everyday-ready with refined construction and lasting comfort.,201.22,vegan leather,5,0,43.8
26,Generic Brand Wool Beret — Performance (bamboo viscose),Clothing,Wool Beret cut in a performance silhouette. Fabric: bamboo viscose. Everyday-ready with refined construction and lasting comfort.,136.68,bamboo viscose,4,24,8.1
27,Generic Brand Cashmere Wrap — Eco (hemp blend),Clothing,Cashmere Wrap cut in a eco silhouette. Fabric: hemp blend. Everyday-ready with refined construction and lasting comfort.,74.69,hemp blend,3,6,18.2
28,Generic Brand Knit Scarf — Bold (polyester),Clothing,Knit Scarf cut in a bold silhouette. Fabric: polyester. Everyday-ready with refined construction and lasting comfort.,101.44,polyester,5,0,29.1
29,Generic Brand Thermal Leggings — Studio (organic cotton),Clothing,Thermal Leggings cut in a studio silhouette. Fabric: organic cotton. Everyday-ready with refined construction and lasting comfort.,66.3,organic cotton,5,24,28.5
30,Generic Brand Athletic Joggers — Eco (recycled nylon),Clothing,Athletic Joggers cut in a eco silhouette. Fabric: recycled nylon. Everyday-ready with refined construction and lasting comfort.,124.68,recycled nylon,3,24,39.4
31,Generic Brand Performance Tee — Studio (recycled nylon),Clothing,Performance Tee cut in a studio silhouette. Fabric: recycled nylon. Everyday-ready with refined construction and lasting comfort.,122.35,recycled nylon,3,0,17.5
32,Generic Brand Breathable Polo — Heritage (vegan leather),Clothing,Breathable Polo cut in a heritage silhouette. Fabric: vegan leather. Everyday-ready with refined construction and lasting comfort.,186.68,vegan leather,4,0,14.2
33,Generic Brand Waffle Henley — Studio (organic cotton),Clothing,Waffle Henley cut in a studio silhouette. Fabric: organic cotton. Everyday-ready with refined construction and lasting comfort.,30.93,organic cotton,4,24,24.4
34,Generic Brand Down Puffer Vest — Minimal (merino wool),Clothing,Down Puffer Vest cut in a minimal silhouette. Fabric: merino wool. Everyday-ready with refined construction and lasting comfort.,192.28,merino wool,3,18,38.0
35,Generic Brand Packable Parka — Studio (modal blend),Clothing,Packable Parka cut in a studio silhouette. Fabric: modal blend. Everyday-ready with refined construction and lasting comfort.,211.48,modal blend,4,0,7.2
36,Generic Brand Paperbag Trousers — Urban (organic cotton),Clothing,Paperbag Trousers cut in a urban silhouette. Fabric: organic cotton. Everyday-ready with refined construction and lasting comfort.,183.74,organic cotton,5,12,8.3
37,Generic Brand Bias-Cut Skirt — Bold (vegan leather),Clothing,Bias-Cut Skirt cut in a bold silhouette. Fabric: vegan leather. Everyday-ready with refined construction and lasting comfort.,99.67,vegan leather,4,18,27.2
38,Generic Brand Denim Shirt Dress — Classic (hemp blend),Clothing,Denim Shirt Dress cut in a classic silhouette. Fabric: hemp blend. Everyday-ready with refined construction and lasting comfort.,186.28,hemp blend,5,0,19.2
39,Generic Brand Sculpted Waistcoat — Bold (vegan leather),Clothing,Sculpted Waistcoat cut in a bold silhouette. Fabric: vegan leather. Everyday-ready with refined construction and lasting comfort.,94.15,vegan leather,5,6,19.0
40,Generic Brand Pleat-Front Chinos — Heritage (linen),Clothing,Pleat-Front Chinos cut in a heritage silhouette. Fabric: linen. Everyday-ready with refined construction and lasting comfort.,120.15,linen,3,36,15.9
41,Generic Brand Wool Midi Skirt — Urban (linen),Clothing,Wool Midi Skirt cut in a urban silhouette. Fabric: linen. Everyday-ready with refined construction and lasting comfort.,172.25,linen,3,6,24.8
42,Generic Brand Plissé Midi Dress — Studio (bamboo viscose),Clothing,Plissé Midi Dress cut in a studio silhouette. Fabric: bamboo viscose. Everyday-ready with refined construction and lasting comfort.,57.61,bamboo viscose,4,18,17.5
43,Generic Brand Bouclé Cropped Jacket — Studio (polyester),Clothing,Bouclé Cropped Jacket cut in a studio silhouette. Fabric: polyester. Everyday-ready with refined construction and lasting comfort.,192.92,polyester,3,36,29.6
44,Generic Brand Tweed Blazer — Studio (cashmere blend),Clothing,Tweed Blazer cut in a studio silhouette. Fabric: cashmere blend. Everyday-ready with refined construction and lasting comfort.,60.36,cashmere blend,4,18,26.9
45,Generic Brand Herringbone Coat — Bold (polyester),Clothing,Herringbone Coat cut in a bold silhouette. Fabric: polyester. Everyday-ready with refined construction and lasting comfort.,39.16,polyester,5,6,15.2
46,Generic Brand Utility Overshirt — Minimal (polyester),Clothing,Utility Overshirt cut in a minimal silhouette. Fabric: polyester. Everyday-ready with refined construction and lasting comfort.,142.66,polyester,4,24,27.1
47,Generic Brand Workwear Chore Jacket — Eco (linen),Clothing,Workwear Chore Jacket cut in a eco silhouette. Fabric: linen. Everyday-ready with refined construction and lasting comfort.,226.81,linen,5,6,25.3
48,Generic Brand Stretch Pencil Trousers — Soft (organic cotton),Clothing,Stretch Pencil Trousers cut in a soft silhouette. Fabric: organic cotton. Everyday-ready with refined construction and lasting comfort.,161.63,organic cotton,3,18,19.1
49,Generic Brand Sateen Blouse — Premium (hemp blend),Clothing,Sateen Blouse cut in a premium silhouette. Fabric: hemp blend. Everyday-ready with refined construction and lasting comfort.,106.32,hemp blend,4,0,12.6
50,Generic Brand Modal Turtleneck — Bold (vegan leather),Clothing,Modal Turtleneck cut in a bold silhouette. Fabric: vegan leather. Everyday-ready with refined construction and lasting comfort.,219.99,vegan leather,3,6,24.0
51,Generic Brand Sustainable Hoodie — Bold (linen),Clothing,Sustainable Hoodie cut in a bold silhouette. Fabric: linen. Everyday-ready with refined construction and lasting comfort.,107.43,linen,5,24,18.7
52,Generic Brand Organic Cotton Tee — Eco (polyester),Clothing,Organic Cotton Tee cut in a eco silhouette. Fabric: polyester. Everyday-ready with refined construction and lasting comfort.,47.38,polyester,5,36,37.9
53,Generic Brand Recycled Nylon Windbreaker — Bold (modal blend),Clothing,Recycled Nylon Windbreaker cut in a bold silhouette. Fabric: modal blend. Everyday-ready with refined construction and lasting comfort.,71.59,modal blend,4,36,27.2
54,Generic Brand Performance Leggings — Urban (polyester),Clothing,Performance Leggings cut in a urban silhouette. Fabric: polyester. Everyday-ready with refined construction and lasting comfort.,83.1,polyester,4,36,9.1
55,Generic Brand Studio Jacket — Minimal (vegan leather),Clothing,Studio Jacket cut in a minimal silhouette. Fabric: vegan leather. Everyday-ready with refined construction and lasting comfort.,27.56,vegan leather,5,0,39.9
56,Generic Brand Knit Midi Skirt — Soft (recycled nylon),Clothing,Knit Midi Skirt cut in a soft silhouette. Fabric: recycled nylon. Everyday-ready with refined construction and lasting comfort.,111.84,recycled nylon,5,12,29.8
57,Generic Brand Satin Midi Dress — Heritage (cashmere blend),Clothing,Satin Midi Dress cut in a heritage silhouette. Fabric: cashmere blend. Everyday-ready with refined construction and lasting comfort.,186.68,cashmere blend,3,12,14.3
58,Generic Brand Crinkle Chiffon Dress — Minimal (modal blend),Clothing,Crinkle Chiffon Dress cut in a minimal silhouette. Fabric: modal blend. Everyday-ready with refined construction and lasting comfort.,189.34,modal blend,3,18,38.8
59,Generic Brand Tailored Shorts — Minimal (vegan leather),Clothing,Tailored Shorts cut in a minimal silhouette. Fabric: vegan leather. Everyday-ready with refined construction and lasting comfort.,180.14,vegan leather,5,18,36.5
60,Generic Brand Box-Pleat Skirt — Heritage (merino wool),Clothing,Box-Pleat Skirt cut in a heritage silhouette. Fabric: merino wool. Everyday-ready with refined construction and lasting comfort.,53.23,merino wool,4,6,40.3
61,Generic Brand Boat-Neck Knit — Urban (polyester),Clothing,Boat-Neck Knit cut in a urban silhouette. Fabric: polyester. Everyday-ready with refined construction and lasting comfort.,129.5,polyester,5,6,39.2
62,Generic Brand Square-Neck Top — Soft (polyester),Clothing,Square-Neck Top cut in a soft silhouette. Fabric: polyester. Everyday-ready with refined construction and lasting comfort.,224.93,polyester,4,0,39.5
63,Generic Brand Ruffle Sleeve Blouse — Heritage (merino wool),Clothing,Ruffle Sleeve Blouse cut in a heritage silhouette. Fabric: merino wool. Everyday-ready with refined construction and lasting comfort.,112.4,merino wool,4,0,44.1
64,Generic Brand Popover Tunic — Eco (recycled nylon),Clothing,Popover Tunic cut in a eco silhouette. Fabric: recycled nylon. Everyday-ready with refined construction and lasting comfort.,31.51,recycled nylon,3,6,24.4
65,Generic Brand Knit Column Dress — Bold (cashmere blend),Clothing,Knit Column Dress cut in a bold silhouette. Fabric: cashmere blend. Everyday-ready with refined construction and lasting comfort.,32.74,cashmere blend,4,0,10.9
66,Generic Brand Soft Lounge Pants — Premium (linen),Clothing,Soft Lounge Pants cut in a premium silhouette. Fabric: linen. Everyday-ready with refined construction and lasting comfort.,207.41,linen,5,12,31.2
67,Generic Brand Relaxed Lounge Tee — Urban (hemp blend),Clothing,Relaxed Lounge Tee cut in a urban silhouette. Fabric: hemp blend. Everyday-ready with refined construction and lasting comfort.,81.6,hemp blend,5,0,28.0
68,Generic Brand Straight-Leg Jeans — Studio (linen),Clothing,"Alternative Straight-Leg Jeans in natural finish. Fabric: linen. Updated fit, drape, and detailing for distinct style preferences.",157.53,linen,4,12,33.5
69,Generic Brand High-Rise Culottes — Soft (recycled nylon),Clothing,"Alternative High-Rise Culottes in brushed finish. Fabric: recycled nylon. Updated fit, drape, and detailing for distinct style preferences.",247.98,recycled nylon,4,12,10.2
70,Generic Brand Linen Utility Jacket — Heritage (vegan leather),Clothing,"Alternative Linen Utility Jacket in natural finish. Fabric: vegan leather. Updated fit, drape, and detailing for distinct style preferences.",226.93,vegan leather,3,0,20.3
71,Generic Brand Trench Coat — Premium (vegan leather),Clothing,"Alternative Trench Coat in matte finish. Fabric: vegan leather. Updated fit, drape, and detailing for distinct style preferences.",122.12,vegan leather,5,24,20.9
72,Generic Brand Quilted Liner Jacket — Classic (polyester),Clothing,"Alternative Quilted Liner Jacket in natural finish. Fabric: polyester. Updated fit, drape, and detailing for distinct style preferences.",238.8,polyester,5,6,24.0
73,Generic Brand Cable-Knit Crewneck — Heritage (organic cotton),Clothing,"Alternative Cable-Knit Crewneck in matte finish. Fabric: organic cotton. Updated fit, drape, and detailing for distinct style preferences.",188.36,organic cotton,5,0,6.7
74,Generic Brand Merino V-Neck — Eco (recycled nylon),Clothing,"Alternative Merino V-Neck in natural finish. Fabric: recycled nylon. Updated fit, drape, and detailing for distinct style preferences.",78.67,recycled nylon,5,12,17.7
75,Generic Brand Boxy Crop Tee — Classic (polyester),Clothing,"Alternative Boxy Crop Tee in textured finish. Fabric: polyester. Updated fit, drape, and detailing for distinct style preferences.",37.47,polyester,4,24,24.0
76,Generic Brand Seamless Tank — Heritage (organic cotton),Clothing,"Alternative Seamless Tank in matte finish. Fabric: organic cotton. Updated fit, drape, and detailing for distinct style preferences.",186.27,organic cotton,4,24,31.2
77,Generic Brand Ponte Knit Pants — Performance (cashmere blend),Clothing,"Alternative Ponte Knit Pants in natural finish. Fabric: cashmere blend. Updated fit, drape, and detailing for distinct style preferences.",164.53,cashmere blend,3,6,18.6
78,Generic Brand Wrap Midi Skirt — Minimal (linen),Clothing,"Alternative Wrap Midi Skirt in brushed finish. Fabric: linen. Updated fit, drape, and detailing for distinct style preferences.",202.35,linen,4,0,10.2
79,Generic Brand Ribbed Knit Dress — Studio (polyester),Clothing,"Alternative Ribbed Knit Dress in natural finish. Fabric: polyester. Updated fit, drape, and detailing for distinct style preferences.",122.95,polyester,3,24,16.3
80,Generic Brand A-Line Day Dress — Urban (bamboo viscose),Clothing,"Alternative A-Line Day Dress in textured finish. Fabric: bamboo viscose. Updated fit, drape, and detailing for distinct style preferences.",56.55,bamboo viscose,3,36,39.8
81,Generic Brand Smocked Blouse — Heritage (vegan leather),Clothing,"Alternative Smocked Blouse in brushed finish. Fabric: vegan leather. Updated fit, drape, and detailing for distinct style preferences.",178.04,vegan leather,3,24,9.9
82,Generic Brand Peplum Top — Minimal (recycled nylon),Clothing,"Alternative Peplum Top in gloss finish. Fabric: recycled nylon. Updated fit, drape, and detailing for distinct style preferences.",129.81,recycled nylon,3,0,30.1
83,Generic Brand Corduroy Skirt — Classic (linen),Clothing,"Alternative Corduroy Skirt in matte finish. Fabric: linen. Updated fit, drape, and detailing for distinct style preferences.",33.42,linen,4,18,33.8
84,Generic Brand Vegan Leather Pants — Studio (hemp blend),Clothing,"Alternative Vegan Leather Pants in natural finish. Fabric: hemp blend. Updated fit, drape, and detailing for distinct style preferences.",148.03,hemp blend,5,12,6.9
85,Generic Brand Faux-Suede Jacket — Soft (cashmere blend),Clothing,"Alternative Faux-Suede Jacket in gloss finish. Fabric: cashmere blend. Updated fit, drape, and detailing for distinct style preferences.",226.33,cashmere blend,4,24,29.7
86,Generic Brand Wool Beret — Bold (bamboo viscose),Clothing,"Alternative Wool Beret in natural finish. Fabric: bamboo viscose. Updated fit, drape, and detailing for distinct style preferences.",118.22,bamboo viscose,3,18,11.0
87,Generic Brand Cashmere Wrap — Eco (recycled nylon),Clothing,"Alternative Cashmere Wrap in brushed finish. Fabric: recycled nylon. Updated fit, drape, and detailing for distinct style preferences.",189.43,recycled nylon,4,18,6.3
88,Generic Brand Knit Scarf — Premium (linen),Clothing,"Alternative Knit Scarf in gloss finish. Fabric: linen. Updated fit, drape, and detailing for distinct style preferences.",59.03,linen,4,12,6.7
89,Generic Brand Thermal Leggings — Heritage (modal blend),Clothing,"Alternative Thermal Leggings in brushed finish. Fabric: modal blend. Updated fit, drape, and detailing for distinct style preferences.",245.75,modal blend,5,18,16.2
90,Generic Brand Athletic Joggers — Premium (cashmere blend),Clothing,"Alternative Athletic Joggers in natural finish. Fabric: cashmere blend. Updated fit, drape, and detailing for distinct style preferences.",47.6,cashmere blend,4,24,18.1
91,Generic Brand Performance Tee — Bold (vegan leather),Clothing,"Alternative Performance Tee in gloss finish. Fabric: vegan leather. Updated fit, drape, and detailing for distinct style preferences.",122.27,vegan leather,4,36,6.3
92,Generic Brand Breathable Polo — Studio (modal blend),Clothing,"Alternative Breathable Polo in textured finish. Fabric: modal blend. Updated fit, drape, and detailing for distinct style preferences.",60.9,modal blend,3,6,10.4
93,Generic Brand Waffle Henley — Soft (modal blend),Clothing,"Alternative Waffle Henley in natural finish. Fabric: modal blend. Updated fit, drape, and detailing for distinct style preferences.",63.28,modal blend,5,24,39.0
94,Generic Brand Down Puffer Vest — Classic (recycled nylon),Clothing,"Alternative Down Puffer Vest in brushed finish. Fabric: recycled nylon. Updated fit, drape, and detailing for distinct style preferences.",192.14,recycled nylon,5,18,35.8
95,Generic Brand Packable Parka — Urban (vegan leather),Clothing,"Alternative Packable Parka in matte finish. Fabric: vegan leather. Updated fit, drape, and detailing for distinct style preferences.",135.32,vegan leather,3,0,40.5
96,Generic Brand Paperbag Trousers — Premium (bamboo viscose),Clothing,"Alternative Paperbag Trousers in gloss finish. Fabric: bamboo viscose. Updated fit, drape, and detailing for distinct style preferences.",65.96,bamboo viscose,5,0,37.5
97,Generic Brand Bias-Cut Skirt — Bold (cashmere blend),Clothing,"Alternative Bias-Cut Skirt in textured finish. Fabric: cashmere blend. Updated fit, drape, and detailing for distinct style preferences.",218.65,cashmere blend,5,12,12.4
98,Generic Brand Denim Shirt Dress — Heritage (modal blend),Clothing,"Alternative Denim Shirt Dress in brushed finish. Fabric: modal blend. Updated fit, drape, and detailing for distinct style preferences.",166.46,modal blend,5,36,17.4
99,Generic Brand Sculpted Waistcoat — Minimal (cashmere blend),Clothing,"Alternative Sculpted Waistcoat in natural finish. Fabric: cashmere blend. Updated fit, drape, and detailing for distinct style preferences.",143.68,cashmere blend,4,18,40.3
100,Generic Brand Pleat-Front Chinos — Bold (organic cotton),Clothing,"Alternative Pleat-Front Chinos in matte finish. Fabric: organic cotton. Updated fit, drape, and detailing for distinct style preferences.",191.96,organic cotton,3,12,35.2
101,Generic Brand Wool Midi Skirt — Classic (linen),Clothing,"Alternative Wool Midi Skirt in matte finish. Fabric: linen. Updated fit, drape, and detailing for distinct style preferences.",169.87,linen,5,6,28.9
102,Generic Brand Plissé Midi Dress — Soft (cashmere blend),Clothing,"Alternative Plissé Midi Dress in brushed finish. Fabric: cashmere blend. Updated fit, drape, and detailing for distinct style preferences.",135.08,cashmere blend,3,18,18.4
103,Generic Brand Bouclé Cropped Jacket — Minimal (bamboo viscose),Clothing,"Alternative Bouclé Cropped Jacket in gloss finish. Fabric: bamboo viscose. Updated fit, drape, and detailing for distinct style preferences.",82.92,bamboo viscose,3,24,7.2
104,Generic Brand Tweed Blazer — Studio (merino wool),Clothing,"Alternative Tweed Blazer in gloss finish. Fabric: merino wool. Updated fit, drape, and detailing for distinct style preferences.",105.18,merino wool,4,24,16.7
105,Generic Brand Herringbone Coat — Soft (recycled nylon),Clothing,"Alternative Herringbone Coat in brushed finish. Fabric: recycled nylon. Updated fit, drape, and detailing for distinct style preferences.",52.29,recycled nylon,4,0,36.4
106,Generic Brand Utility Overshirt — Bold (recycled nylon),Clothing,"Alternative Utility Overshirt in textured finish. Fabric: recycled nylon. Updated fit, drape, and detailing for distinct style preferences.",114.12,recycled nylon,3,18,26.4
107,Generic Brand Workwear Chore Jacket — Classic (modal blend),Clothing,"Alternative Workwear Chore Jacket in textured finish. Fabric: modal blend. Updated fit, drape, and detailing for distinct style preferences.",142.74,modal blend,5,36,17.1
108,Generic Brand Stretch Pencil Trousers — Bold (hemp blend),Clothing,"Alternative Stretch Pencil Trousers in brushed finish. Fabric: hemp blend. Updated fit, drape, and detailing for distinct style preferences.",97.3,hemp blend,3,0,14.9
109,Generic Brand Sateen Blouse — Premium (polyester),Clothing,"Alternative Sateen Blouse in gloss finish. Fabric: polyester. Updated fit, drape, and detailing for distinct style preferences.",195.38,polyester,4,24,42.8
110,Generic Brand Modal Turtleneck — Performance (linen),Clothing,"Alternative Modal Turtleneck in matte finish. Fabric: linen. Updated fit, drape, and detailing for distinct style preferences.",83.88,linen,5,0,28.2
111,Generic Brand Sustainable Hoodie — Bold (vegan leather),Clothing,"Alternative Sustainable Hoodie in brushed finish. Fabric: vegan leather. Updated fit, drape, and detailing for distinct style preferences.",28.28,vegan leather,3,36,14.7
112,Generic Brand Organic Cotton Tee — Classic (vegan leather),Clothing,"Alternative Organic Cotton Tee in textured finish. Fabric: vegan leather. Updated fit, drape, and detailing for distinct style preferences.",205.62,vegan leather,3,6,29.2
113,Generic Brand Recycled Nylon Windbreaker — Studio (linen),Clothing,"Alternative Recycled Nylon Windbreaker in textured finish. Fabric: linen. Updated fit, drape, and detailing for distinct style preferences.",133.18,linen,4,0,6.3
114,Generic Brand Performance Leggings — Performance (linen),Clothing,"Alternative Performance Leggings in natural finish. Fabric: linen. Updated fit, drape, and detailing for distinct style preferences.",268.49,linen,4,24,25.7
115,Generic Brand Studio Jacket — Minimal (bamboo viscose),Clothing,"Alternative Studio Jacket in natural finish. Fabric: bamboo viscose. Updated fit, drape, and detailing for distinct style preferences.",50.57,bamboo viscose,3,18,32.9
116,Generic Brand Knit Midi Skirt — Bold (merino wool),Clothing,"Alternative Knit Midi Skirt in natural finish. Fabric: merino wool. Updated fit, drape, and detailing for distinct style preferences.",190.79,merino wool,3,12,13.9
117,Generic Brand Satin Midi Dress — Bold (recycled nylon),Clothing,"Alternative Satin Midi Dress in natural finish. Fabric: recycled nylon. Updated fit, drape, and detailing for distinct style preferences.",200.06,recycled nylon,5,18,22.8
118,Generic Brand Crinkle Chiffon Dress — Eco (merino wool),Clothing,"Alternative Crinkle Chiffon Dress in natural finish. Fabric: merino wool. Updated fit, drape, and detailing for distinct style preferences.",156.13,merino wool,5,0,21.3
119,Generic Brand Tailored Shorts — Urban (recycled nylon),Clothing,"Alternative Tailored Shorts in textured finish. Fabric: recycled nylon. Updated fit, drape, and detailing for distinct style preferences.",76.02,recycled nylon,3,12,7.2
120,Generic Brand Box-Pleat Skirt — Performance (modal blend),Clothing,"Alternative Box-Pleat Skirt in matte finish. Fabric: modal blend. Updated fit, drape, and detailing for distinct style preferences.",71.28,modal blend,3,18,28.4
121,Generic Brand Boat-Neck Knit — Bold (modal blend),Clothing,"Alternative Boat-Neck Knit in natural finish. Fabric: modal blend. Updated fit, drape, and detailing for distinct style preferences.",77.93,modal blend,5,6,20.1
122,Generic Brand Square-Neck Top — Bold (merino wool),Clothing,"Alternative Square-Neck Top in brushed finish. Fabric: merino wool. Updated fit, drape, and detailing for distinct style preferences.",43.53,merino wool,5,18,17.7
123,Generic Brand Ruffle Sleeve Blouse — Soft (bamboo viscose),Clothing,"Alternative Ruffle Sleeve Blouse in textured finish. Fabric: bamboo viscose. Updated fit, drape, and detailing for distinct style preferences.",68.71,bamboo viscose,3,12,42.8
124,Generic Brand Popover Tunic — Urban (linen),Clothing,"Alternative Popover Tunic in textured finish. Fabric: linen. Updated fit, drape, and detailing for distinct style preferences.",62.68,linen,4,6,30.8
125,Generic Brand Knit Column Dress — Classic (modal blend),Clothing,"Alternative Knit Column Dress in textured finish. Fabric: modal blend. Updated fit, drape, and detailing for distinct style preferences.",106.55,modal blend,4,18,32.4
126,Generic Brand Soft Lounge Pants — Urban (hemp blend),Clothing,"Alternative Soft Lounge Pants in textured finish. Fabric: hemp blend. Updated fit, drape, and detailing for distinct style preferences.",116.29,hemp blend,3,24,12.3
127,Generic Brand Relaxed Lounge Tee — Performance (bamboo viscose),Clothing,"Alternative Relaxed Lounge Tee in gloss finish. Fabric: bamboo viscose. Updated fit, drape, and detailing for distinct style preferences.",103.6,bamboo viscose,4,0,18.7
128,Generic Brand Linen Drawstring Pants — Eco (modal blend),Clothing,"Alternative Linen Drawstring Pants in textured finish. Fabric: modal blend. Updated fit, drape, and detailing for distinct style preferences.",208.81,modal blend,5,18,9.7
129,Generic Brand Pinstripe Shirt — Classic (modal blend),Clothing,"Alternative Pinstripe Shirt in textured finish. Fabric: modal blend. Updated fit, drape, and detailing for distinct style preferences.",52.63,modal blend,3,6,19.5
130,Generic Brand Silk Blend Camisole — Urban (bamboo viscose),Clothing,"Alternative Silk Blend Camisole in matte finish. Fabric: bamboo viscose. Updated fit, drape, and detailing for distinct style preferences.",155.26,bamboo viscose,4,12,36.1
131,Generic Brand Heeled Mary Janes — Urban (vegan leather),Clothing,"Alternative Heeled Mary Janes in matte finish. Fabric: vegan leather. Updated fit, drape, and detailing for distinct style preferences.",95.83,vegan leather,4,18,11.7
132,Generic Brand Low-Profile Sneakers — Classic (cashmere blend),Clothing,"Alternative Low-Profile Sneakers in textured finish. Fabric: cashmere blend. Updated fit, drape, and detailing for distinct style preferences.",209.67,cashmere blend,5,0,41.8
133,Generic Brand Stacked Heel Boots — Studio (polyester),Clothing,"Alternative Stacked Heel Boots in textured finish. Fabric: polyester. Updated fit, drape, and detailing for distinct style preferences.",179.69,polyester,4,12,29.5
134,Generic Brand Arched Wall Mirror — Classic (solid oak),Household,"Arched Wall Mirror in Classic finish. Material: solid oak. Designed for practical, everyday use with improved ergonomics and reliability.",215.46,solid oak,3,0,66.1
135,Generic Brand Round Entry Mirror — Soft (organic cotton),Household,"Round Entry Mirror in Soft finish. Material: organic cotton. Designed for practical, everyday use with improved ergonomics and reliability.",74.46,organic cotton,5,24,18.7
136,Generic Brand Sculptural Table Lamp — Classic (FSC recycled paper),Household,"Sculptural Table Lamp in Classic finish. Material: FSC recycled paper. Designed for practical, everyday use with improved ergonomics and reliability.",232.84,FSC recycled paper,3,12,76.7
137,Generic Brand Minimalist Floor Lamp — Premium (organic cotton),Household,"Minimalist Floor Lamp in Premium finish. Material: organic cotton. Designed for practical, everyday use with improved ergonomics and reliability.",23.68,organic cotton,5,6,78.8
138,Generic Brand LED Bedside Lamp — Performance (powder-coated steel),Household,"LED Bedside Lamp in Performance finish. Material: powder-coated steel. Designed for practical, everyday use with improved ergonomics and reliability.",172.78,powder-coated steel,5,36,32.6
139,Generic Brand Wall Sconce Pair — Classic (solid oak),Household,"Wall Sconce Pair in Classic finish. Material: solid oak. Designed for practical, everyday use with improved ergonomics and reliability.",456.4,solid oak,3,6,76.1
140,Generic Brand Japandi Pendant — Eco (FSC recycled paper),Household,"Japandi Pendant in Eco finish. Material: FSC recycled paper. Designed for practical, everyday use with improved ergonomics and reliability.",364.75,FSC recycled paper,5,36,66.5
141,Generic Brand Paper Lightshade Globe — Soft (organic cotton),Household,"Paper Lightshade Globe in Soft finish. Material: organic cotton. Designed for practical, everyday use with improved ergonomics and reliability.",398.48,organic cotton,5,18,32.0
142,Generic Brand Sheer Linen Curtains — Studio (organic cotton),Household,"Sheer Linen Curtains in Studio finish. Material: organic cotton. Designed for practical, everyday use with improved ergonomics and reliability.",269.01,organic cotton,4,6,33.4
143,Generic Brand Velvet Drapes — Eco (FSC recycled paper),Household,"Velvet Drapes in Eco finish. Material: FSC recycled paper. Designed for practical, everyday use with improved ergonomics and reliability.",225.62,FSC recycled paper,3,36,64.5
144,Generic Brand Gingham Duvet Set — Premium (FSC recycled paper),Household,"Gingham Duvet Set in Premium finish. Material: FSC recycled paper. Designed for practical, everyday use with improved ergonomics and reliability.",92.13,FSC recycled paper,5,12,81.9
145,Generic Brand Seersucker Bedding — Bold (powder-coated steel),Household,"Seersucker Bedding in Bold finish. Material: powder-coated steel. Designed for practical, everyday use with improved ergonomics and reliability.",328.7,powder-coated steel,3,24,31.9
146,Generic Brand Textured Cotton Blanket — Classic (FSC recycled paper),Household,"Textured Cotton Blanket in Classic finish. Material: FSC recycled paper. Designed for practical, everyday use with improved ergonomics and reliability.",86.36,FSC recycled paper,3,6,30.1
147,Generic Brand Memory Foam Pillow — Soft (glass),Household,"Memory Foam Pillow in Soft finish. Material: glass. Designed for practical, everyday use with improved ergonomics and reliability.",375.49,glass,5,36,43.7
148,Generic Brand Ribbed Bath Mat — Bold (solid oak),Household,"Ribbed Bath Mat in Bold finish. Material: solid oak. Designed for practical, everyday use with improved ergonomics and reliability.",467.18,solid oak,4,12,38.7
149,Generic Brand Waffle Bath Towels — Studio (bamboo),Household,"Waffle Bath Towels in Studio finish. Material: bamboo. Designed for practical, everyday use with improved ergonomics and reliability.",255.81,bamboo,5,0,88.5
150,Generic Brand Shower Curtain — Classic (aluminum frame),Household,"Shower Curtain in Classic finish. Material: aluminum frame. Designed for practical, everyday use with improved ergonomics and reliability.",282.13,aluminum frame,4,12,67.2
151,Generic Brand Compact Laundry Basket — Heritage (FSC recycled paper),Household,"Compact Laundry Basket in Heritage finish. Material: FSC recycled paper. Designed for practical, everyday use with improved ergonomics and reliability.",205.37,FSC recycled paper,4,0,16.4
152,Generic Brand Stackable Storage Bins — Heritage (stoneware),Household,"Stackable Storage Bins in Heritage finish. Material: stoneware. Designed for practical, everyday use with improved ergonomics and reliability.",36.49,stoneware,5,18,41.6
153,Generic Brand Airtight Pantry Jars — Eco (stoneware),Household,"Airtight Pantry Jars in Eco finish. Material: stoneware. Designed for practical, everyday use with improved ergonomics and reliability.",39.99,stoneware,5,18,109.8
154,Generic Brand Ceramic Vase Duo — Minimal (powder-coated steel),Household,"Ceramic Vase Duo in Minimal finish. Material: powder-coated steel. Designed for practical, everyday use with improved ergonomics and reliability.",257.59,powder-coated steel,4,12,58.0
155,Generic Brand Stoneware Dinnerware Set — Classic (glass),Household,"Stoneware Dinnerware Set in Classic finish. Material: glass. Designed for practical, everyday use with improved ergonomics and reliability.",176.94,glass,5,36,64.0
156,Generic Brand Glass Carafe — Classic (stoneware),Household,"Glass Carafe in Classic finish. Material: stoneware. Designed for practical, everyday use with improved ergonomics and reliability.",474.72,stoneware,4,0,52.3
157,Generic Brand Flatware Set — Eco (stoneware),Household,"Flatware Set in Eco finish. Material: stoneware. Designed for practical, everyday use with improved ergonomics and reliability.",361.1,stoneware,3,18,65.6
158,Generic Brand Knife Block Set — Studio (glass),Household,"Knife Block Set in Studio finish. Material: glass. Designed for practical, everyday use with improved ergonomics and reliability.",71.41,glass,3,0,45.0
159,Generic Brand Cutting Board Set — Soft (bamboo),Household,"Cutting Board Set in Soft finish. Material: bamboo. Designed for practical, everyday use with improved ergonomics and reliability.",321.91,bamboo,4,18,47.4
160,Generic Brand Nonstick Skillet — Performance (organic cotton),Household,"Nonstick Skillet in Performance finish. Material: organic cotton. Designed for practical, everyday use with improved ergonomics and reliability.",308.86,organic cotton,5,36,32.9
161,Generic Brand Cast-Iron Dutch Oven — Premium (FSC recycled paper),Household,"Cast-Iron Dutch Oven in Premium finish. Material: FSC recycled paper. Designed for practical, everyday use with improved ergonomics and reliability.",12.36,FSC recycled paper,5,12,64.1
162,Generic Brand French Press — Urban (woven rattan),Household,"French Press in Urban finish. Material: woven rattan. Designed for practical, everyday use with improved ergonomics and reliability.",80.48,woven rattan,4,12,51.6
163,Generic Brand Pour-Over Coffee Kit — Classic (stoneware),Household,"Pour-Over Coffee Kit in Classic finish. Material: stoneware. Designed for practical, everyday use with improved ergonomics and reliability.",128.31,stoneware,5,24,80.9
164,Generic Brand Spice Rack System — Performance (solid oak),Household,"Spice Rack System in Performance finish. Material: solid oak. Designed for practical, everyday use with improved ergonomics and reliability.",53.49,solid oak,4,12,57.8
165,Generic Brand Kitchen Canisters — Studio (organic cotton),Household,"Kitchen Canisters in Studio finish. Material: organic cotton. Designed for practical, everyday use with improved ergonomics and reliability.",371.04,organic cotton,3,18,53.7
166,Generic Brand Mixing Bowl Set — Minimal (reclaimed wood),Household,"Mixing Bowl Set in Minimal finish. Material: reclaimed wood. Designed for practical, everyday use with improved ergonomics and reliability.",420.03,reclaimed wood,5,18,77.7
167,Generic Brand Bakeware Essentials — Eco (glass),Household,"Bakeware Essentials in Eco finish. Material: glass. Designed for practical, everyday use with improved ergonomics and reliability.",104.33,glass,3,0,85.1
168,Generic Brand Recycling Bin Set — Heritage (glass),Household,"Recycling Bin Set in Heritage finish. Material: glass. Designed for practical, everyday use with improved ergonomics and reliability.",325.63,glass,5,12,103.6
169,Generic Brand Countertop Compost Caddy — Performance (glass),Household,"Countertop Compost Caddy in Performance finish. Material: glass. Designed for practical, everyday use with improved ergonomics and reliability.",114.32,glass,5,0,60.5
170,Generic Brand Planter Pot Trio — Eco (aluminum frame),Household,"Planter Pot Trio in Eco finish. Material: aluminum frame. Designed for practical, everyday use with improved ergonomics and reliability.",194.45,aluminum frame,3,6,94.5
171,Generic Brand Wall Art Canvas — Studio (glass),Household,"Wall Art Canvas in Studio finish. Material: glass. Designed for practical, everyday use with improved ergonomics and reliability.",244.08,glass,3,0,57.9
172,Generic Brand Floating Shelf Set — Bold (FSC recycled paper),Household,"Floating Shelf Set in Bold finish. Material: FSC recycled paper. Designed for practical, everyday use with improved ergonomics and reliability.",420.75,FSC recycled paper,3,18,43.4
173,Generic Brand Bookshelf Unit — Eco (stoneware),Household,"Bookshelf Unit in Eco finish. Material: stoneware. Designed for practical, everyday use with improved ergonomics and reliability.",118.14,stoneware,4,6,113.5
174,Generic Brand Entryway Console — Premium (aluminum frame),Household,"Entryway Console in Premium finish. Material: aluminum frame. Designed for practical, everyday use with improved ergonomics and reliability.",139.67,aluminum frame,4,36,82.9
175,Generic Brand Side Table — Minimal (reclaimed wood),Household,"Side Table in Minimal finish. Material: reclaimed wood. Designed for practical, everyday use with improved ergonomics and reliability.",207.41,reclaimed wood,5,12,108.3
176,Generic Brand Accent Chair — Premium (glass),Household,"Accent Chair in Premium finish. Material: glass. Designed for practical, everyday use with improved ergonomics and reliability.",59.28,glass,3,18,75.3
177,Generic Brand Storage Ottoman — Premium (organic cotton),Household,"Storage Ottoman in Premium finish. Material: organic cotton. Designed for practical, everyday use with improved ergonomics and reliability.",224.04,organic cotton,4,18,41.8
178,Generic Brand Woven Basket Trio — Heritage (powder-coated steel),Household,"Woven Basket Trio in Heritage finish. Material: powder-coated steel. Designed for practical, everyday use with improved ergonomics and reliability.",320.77,powder-coated steel,3,0,27.6
179,Generic Brand Picture Frame Gallery — Soft (FSC recycled paper),Household,"Picture Frame Gallery in Soft finish. Material: FSC recycled paper. Designed for practical, everyday use with improved ergonomics and reliability.",374.83,FSC recycled paper,4,12,19.9
180,Generic Brand Wall Clock — Heritage (stoneware),Household,"Wall Clock in Heritage finish. Material: stoneware. Designed for practical, everyday use with improved ergonomics and reliability.",467.12,stoneware,5,12,75.7
181,Generic Brand Desk Organizer Set — Bold (woven rattan),Household,"Desk Organizer Set in Bold finish. Material: woven rattan. Designed for practical, everyday use with improved ergonomics and reliability.",453.52,woven rattan,4,18,83.1
182,Generic Brand Trash Can 13gal — Urban (stoneware),Household,"Trash Can 13gal in Urban finish. Material: stoneware. Designed for practical, everyday use with improved ergonomics and reliability.",159.91,stoneware,3,36,21.3
183,Generic Brand Dish Drying Rack — Bold (reclaimed wood),Household,"Dish Drying Rack in Bold finish. Material: reclaimed wood. Designed for practical, everyday use with improved ergonomics and reliability.",247.94,reclaimed wood,4,18,11.1
184,Generic Brand Portable Fan — Studio (solid oak),Household,"Portable Fan in Studio finish. Material: solid oak. Designed for practical, everyday use with improved ergonomics and reliability.",205.27,solid oak,3,24,10.9
185,Generic Brand Room Humidifier — Minimal (organic cotton),Household,"Room Humidifier in Minimal finish. Material: organic cotton. Designed for practical, everyday use with improved ergonomics and reliability.",167.63,organic cotton,5,12,38.6
186,Generic Brand Essential Oil Diffuser — Performance (reclaimed wood),Household,"Essential Oil Diffuser in Performance finish. Material: reclaimed wood. Designed for practical, everyday use with improved ergonomics and reliability.",421.5,reclaimed wood,4,12,62.2
187,Generic Brand Compact Air Purifier — Urban (bamboo),Household,"Compact Air Purifier in Urban finish. Material: bamboo. Designed for practical, everyday use with improved ergonomics and reliability.",145.0,bamboo,5,0,117.2
188,Generic Brand Portable Heater — Urban (woven rattan),Household,"Portable Heater in Urban finish. Material: woven rattan. Designed for practical, everyday use with improved ergonomics and reliability.",441.28,woven rattan,4,12,75.4
189,Generic Brand Linen Table Runner — Heritage (organic cotton),Household,"Linen Table Runner in Heritage finish. Material: organic cotton. Designed for practical, everyday use with improved ergonomics and reliability.",197.41,organic cotton,3,18,108.1
190,Generic Brand Cotton Napkins — Premium (organic cotton),Household,"Cotton Napkins in Premium finish. Material: organic cotton. Designed for practical, everyday use with improved ergonomics and reliability.",389.03,organic cotton,3,12,68.7
191,Generic Brand Serving Platter — Performance (reclaimed wood),Household,"Serving Platter in Performance finish. Material: reclaimed wood. Designed for practical, everyday use with improved ergonomics and reliability.",214.89,reclaimed wood,3,36,77.3
192,Generic Brand Charcuterie Board — Studio (organic cotton),Household,"Charcuterie Board in Studio finish. Material: organic cotton. Designed for practical, everyday use with improved ergonomics and reliability.",360.89,organic cotton,4,0,112.5
193,Generic Brand Wine Glass Set — Studio (powder-coated steel),Household,"Wine Glass Set in Studio finish. Material: powder-coated steel. Designed for practical, everyday use with improved ergonomics and reliability.",199.26,powder-coated steel,5,18,10.4
194,Generic Brand Coat Rack — Performance (bamboo),Household,"Coat Rack in Performance finish. Material: bamboo. Designed for practical, everyday use with improved ergonomics and reliability.",24.33,bamboo,4,0,80.5
195,Generic Brand Shoe Storage Bench — Urban (woven rattan),Household,"Shoe Storage Bench in Urban finish. Material: woven rattan. Designed for practical, everyday use with improved ergonomics and reliability.",210.43,woven rattan,3,18,89.4
196,Generic Brand Laundry Drying Rack — Performance (FSC recycled paper),Household,"Laundry Drying Rack in Performance finish. Material: FSC recycled paper. Designed for practical, everyday use with improved ergonomics and reliability.",331.58,FSC recycled paper,3,12,89.9
197,Generic Brand Knife Sharpening Stone — Minimal (organic cotton),Household,"Knife Sharpening Stone in Minimal finish. Material: organic cotton. Designed for practical, everyday use with improved ergonomics and reliability.",13.02,organic cotton,5,12,25.3
198,Generic Brand Bamboo Cutting Board — Soft (FSC recycled paper),Household,"Bamboo Cutting Board in Soft finish. Material: FSC recycled paper. Designed for practical, everyday use with improved ergonomics and reliability.",433.26,FSC recycled paper,5,18,74.0
199,Generic Brand Microfiber Cleaning Cloths — Bold (solid oak),Household,"Microfiber Cleaning Cloths in Bold finish. Material: solid oak. Designed for practical, everyday use with improved ergonomics and reliability.",38.33,solid oak,3,12,78.4
200,Generic Brand Spray Bottle Set — Minimal (organic cotton),Household,"Spray Bottle Set in Minimal finish. Material: organic cotton. Designed for practical, everyday use with improved ergonomics and reliability.",64.64,organic cotton,3,0,35.6
201,Generic Brand Paper Lightshade Globe — Classic (reclaimed wood),Household,Variant of Paper Lightshade Globe with brushed aesthetic. Material: reclaimed wood. Tuned for efficiency and longevity; upgraded components and finish.,515.39,reclaimed wood,4,12,11.7
202,Generic Brand Sheer Linen Curtains — Eco (stoneware),Household,Variant of Sheer Linen Curtains with matte aesthetic. Material: stoneware. Tuned for efficiency and longevity; upgraded components and finish.,127.94,stoneware,3,0,70.0
203,Generic Brand Velvet Drapes — Eco (powder-coated steel),Household,Variant of Velvet Drapes with textured aesthetic. Material: powder-coated steel. Tuned for efficiency and longevity; upgraded components and finish.,441.87,powder-coated steel,4,18,31.1
204,Generic Brand Gingham Duvet Set — Classic (solid oak),Household,Variant of Gingham Duvet Set with matte aesthetic. Material: solid oak. Tuned for efficiency and longevity; upgraded components and finish.,388.58,solid oak,5,24,77.1
205,Generic Brand Seersucker Bedding — Studio (aluminum frame),Household,Variant of Seersucker Bedding with brushed aesthetic. Material: aluminum frame. Tuned for efficiency and longevity; upgraded components and finish.,191.4,aluminum frame,3,6,34.3
206,Generic Brand Textured Cotton Blanket — Urban (powder-coated steel),Household,Variant of Textured Cotton Blanket with matte aesthetic. Material: powder-coated steel. Tuned for efficiency and longevity; upgraded components and finish.,241.98,powder-coated steel,3,18,68.9
207,Generic Brand Memory Foam Pillow — Heritage (bamboo),Household,Variant of Memory Foam Pillow with textured aesthetic. Material: bamboo. Tuned for efficiency and longevity; upgraded components and finish.,73.81,bamboo,5,12,21.1
208,Generic Brand Ribbed Bath Mat — Studio (solid oak),Household,Variant of Ribbed Bath Mat with textured aesthetic. Material: solid oak. Tuned for efficiency and longevity; upgraded components and finish.,280.5,solid oak,3,6,68.1
209,Generic Brand Waffle Bath Towels — Soft (woven rattan),Household,Variant of Waffle Bath Towels with natural aesthetic. Material: woven rattan. Tuned for efficiency and longevity; upgraded components and finish.,181.5,woven rattan,5,0,22.1
210,Generic Brand Shower Curtain — Heritage (organic cotton),Household,Variant of Shower Curtain with gloss aesthetic. Material: organic cotton. Tuned for efficiency and longevity; upgraded components and finish.,248.4,organic cotton,3,18,101.6
211,Generic Brand Compact Laundry Basket — Bold (aluminum frame),Household,Variant of Compact Laundry Basket with gloss aesthetic. Material: aluminum frame. Tuned for efficiency and longevity; upgraded components and finish.,211.11,aluminum frame,3,18,19.0
212,Generic Brand Stackable Storage Bins — Bold (aluminum frame),Household,Variant of Stackable Storage Bins with brushed aesthetic. Material: aluminum frame. Tuned for efficiency and longevity; upgraded components and finish.,258.4,aluminum frame,5,36,116.7
213,Generic Brand Airtight Pantry Jars — Studio (organic cotton),Household,Variant of Airtight Pantry Jars with matte aesthetic. Material: organic cotton. Tuned for efficiency and longevity; upgraded components and finish.,400.96,organic cotton,4,24,93.4
214,Generic Brand Ceramic Vase Duo — Minimal (FSC recycled paper),Household,Variant of Ceramic Vase Duo with matte aesthetic. Material: FSC recycled paper. Tuned for efficiency and longevity; upgraded components and finish.,359.79,FSC recycled paper,5,12,106.8
215,Generic Brand Stoneware Dinnerware Set — Minimal (aluminum frame),Household,Variant of Stoneware Dinnerware Set with natural aesthetic. Material: aluminum frame. Tuned for efficiency and longevity; upgraded components and finish.,228.22,aluminum frame,5,18,71.1
216,Generic Brand Glass Carafe — Urban (organic cotton),Household,Variant of Glass Carafe with brushed aesthetic. Material: organic cotton. Tuned for efficiency and longevity; upgraded components and finish.,361.12,organic cotton,4,12,95.1
217,Generic Brand Flatware Set — Urban (bamboo),Household,Variant of Flatware Set with gloss aesthetic. Material: bamboo. Tuned for efficiency and longevity; upgraded components and finish.,204.2,bamboo,3,24,66.9
218,Generic Brand Knife Block Set — Bold (glass),Household,Variant of Knife Block Set with brushed aesthetic. Material: glass. Tuned for efficiency and longevity; upgraded components and finish.,262.23,glass,4,36,64.3
219,Generic Brand Cutting Board Set — Bold (organic cotton),Household,Variant of Cutting Board Set with gloss aesthetic. Material: organic cotton. Tuned for efficiency and longevity; upgraded components and finish.,501.75,organic cotton,5,6,95.0
220,Generic Brand Nonstick Skillet — Urban (bamboo),Household,Variant of Nonstick Skillet with matte aesthetic. Material: bamboo. Tuned for efficiency and longevity; upgraded components and finish.,411.0,bamboo,5,36,115.2
221,Generic Brand Cast-Iron Dutch Oven — Heritage (solid oak),Household,Variant of Cast-Iron Dutch Oven with brushed aesthetic. Material: solid oak. Tuned for efficiency and longevity; upgraded components and finish.,170.51,solid oak,5,12,104.9
222,Generic Brand French Press — Bold (reclaimed wood),Household,Variant of French Press with textured aesthetic. Material: reclaimed wood. Tuned for efficiency and longevity; upgraded components and finish.,307.84,reclaimed wood,3,0,79.4
223,Generic Brand Pour-Over Coffee Kit — Heritage (bamboo),Household,Variant of Pour-Over Coffee Kit with gloss aesthetic. Material: bamboo. Tuned for efficiency and longevity; upgraded components and finish.,255.77,bamboo,3,0,102.7
224,Generic Brand Spice Rack System — Performance (powder-coated steel),Household,Variant of Spice Rack System with natural aesthetic. Material: powder-coated steel. Tuned for efficiency and longevity; upgraded components and finish.,399.93,powder-coated steel,3,18,80.1
225,Generic Brand Kitchen Canisters — Premium (FSC recycled paper),Household,Variant of Kitchen Canisters with textured aesthetic. Material: FSC recycled paper. Tuned for efficiency and longevity; upgraded components and finish.,167.09,FSC recycled paper,5,0,60.6
226,Generic Brand Mixing Bowl Set — Bold (powder-coated steel),Household,Variant of Mixing Bowl Set with textured aesthetic. Material: powder-coated steel. Tuned for efficiency and longevity; upgraded components and finish.,200.33,powder-coated steel,5,18,24.4
227,Generic Brand Bakeware Essentials — Minimal (organic cotton),Household,Variant of Bakeware Essentials with textured aesthetic. Material: organic cotton. Tuned for efficiency and longevity; upgraded components and finish.,99.43,organic cotton,5,6,95.6
228,Generic Brand Recycling Bin Set — Minimal (organic cotton),Household,Variant of Recycling Bin Set with natural aesthetic. Material: organic cotton. Tuned for efficiency and longevity; upgraded components and finish.,522.54,organic cotton,4,6,48.6
229,Generic Brand Countertop Compost Caddy — Soft (solid oak),Household,Variant of Countertop Compost Caddy with brushed aesthetic. Material: solid oak. Tuned for efficiency and longevity; upgraded components and finish.,537.42,solid oak,4,36,34.1
230,Generic Brand Planter Pot Trio — Urban (aluminum frame),Household,Variant of Planter Pot Trio with matte aesthetic. Material: aluminum frame. Tuned for efficiency and longevity; upgraded components and finish.,192.04,aluminum frame,4,6,67.0
231,Generic Brand Wall Art Canvas — Performance (solid oak),Household,Variant of Wall Art Canvas with natural aesthetic. Material: solid oak. Tuned for efficiency and longevity; upgraded components and finish.,303.6,solid oak,3,12,93.2
232,Generic Brand Floating Shelf Set — Premium (bamboo),Household,Variant of Floating Shelf Set with gloss aesthetic. Material: bamboo. Tuned for efficiency and longevity; upgraded components and finish.,200.72,bamboo,5,36,91.2
233,Generic Brand Bookshelf Unit — Soft (stoneware),Household,Variant of Bookshelf Unit with gloss aesthetic. Material: stoneware. Tuned for efficiency and longevity; upgraded components and finish.,24.1,stoneware,3,12,104.4
234,Generic Brand Entryway Console — Minimal (woven rattan),Household,Variant of Entryway Console with brushed aesthetic. Material: woven rattan. Tuned for efficiency and longevity; upgraded components and finish.,214.09,woven rattan,4,24,48.0
235,Generic Brand Side Table — Urban (solid oak),Household,Variant of Side Table with natural aesthetic. Material: solid oak. Tuned for efficiency and longevity; upgraded components and finish.,44.75,solid oak,3,36,35.1
236,Generic Brand Accent Chair — Performance (aluminum frame),Household,Variant of Accent Chair with natural aesthetic. Material: aluminum frame. Tuned for efficiency and longevity; upgraded components and finish.,295.44,aluminum frame,5,6,60.2
237,Generic Brand Storage Ottoman — Classic (powder-coated steel),Household,Variant of Storage Ottoman with textured aesthetic. Material: powder-coated steel. Tuned for efficiency and longevity; upgraded components and finish.,279.43,powder-coated steel,4,18,21.9
238,Generic Brand Woven Basket Trio — Heritage (aluminum frame),Household,Variant of Woven Basket Trio with natural aesthetic. Material: aluminum frame. Tuned for efficiency and longevity; upgraded components and finish.,227.35,aluminum frame,5,24,103.2
239,Generic Brand Picture Frame Gallery — Premium (reclaimed wood),Household,Variant of Picture Frame Gallery with gloss aesthetic. Material: reclaimed wood. Tuned for efficiency and longevity; upgraded components and finish.,251.12,reclaimed wood,5,0,70.9
240,Generic Brand Wall Clock — Heritage (powder-coated steel),Household,Variant of Wall Clock with matte aesthetic. Material: powder-coated steel. Tuned for efficiency and longevity; upgraded components and finish.,314.02,powder-coated steel,5,36,78.8
241,Generic Brand Desk Organizer Set — Minimal (aluminum frame),Household,Variant of Desk Organizer Set with textured aesthetic. Material: aluminum frame. Tuned for efficiency and longevity; upgraded components and finish.,411.2,aluminum frame,5,6,84.3
242,Generic Brand Trash Can 13gal — Classic (bamboo),Household,Variant of Trash Can 13gal with matte aesthetic. Material: bamboo. Tuned for efficiency and longevity; upgraded components and finish.,52.51,bamboo,5,36,28.0
243,Generic Brand Dish Drying Rack — Eco (woven rattan),Household,Variant of Dish Drying Rack with matte aesthetic. Material: woven rattan. Tuned for efficiency and longevity; upgraded components and finish.,331.46,woven rattan,4,24,35.0
244,Generic Brand Portable Fan — Soft (glass),Household,Variant of Portable Fan with brushed aesthetic. Material: glass. Tuned for efficiency and longevity; upgraded components and finish.,441.44,glass,3,24,54.1
245,Generic Brand Room Humidifier — Classic (stoneware),Household,Variant of Room Humidifier with brushed aesthetic. Material: stoneware. Tuned for efficiency and longevity; upgraded components and finish.,34.94,stoneware,4,18,15.0
246,Generic Brand Essential Oil Diffuser — Minimal (reclaimed wood),Household,Variant of Essential Oil Diffuser with gloss aesthetic. Material: reclaimed wood. Tuned for efficiency and longevity; upgraded components and finish.,145.44,reclaimed wood,4,24,90.7
247,Generic Brand Compact Air Purifier — Premium (reclaimed wood),Household,Variant of Compact Air Purifier with gloss aesthetic. Material: reclaimed wood. Tuned for efficiency and longevity; upgraded components and finish.,438.89,reclaimed wood,3,18,88.3
248,Generic Brand Portable Heater — Eco (FSC recycled paper),Household,Variant of Portable Heater with brushed aesthetic. Material: FSC recycled paper. Tuned for efficiency and longevity; upgraded components and finish.,401.76,FSC recycled paper,4,6,112.2
249,Generic Brand Linen Table Runner — Classic (woven rattan),Household,Variant of Linen Table Runner with brushed aesthetic. Material: woven rattan. Tuned for efficiency and longevity; upgraded components and finish.,251.43,woven rattan,5,12,11.8
250,Generic Brand Cotton Napkins — Performance (bamboo),Household,Variant of Cotton Napkins with matte aesthetic. Material: bamboo. Tuned for efficiency and longevity; upgraded components and finish.,13.54,bamboo,5,36,23.9
251,Generic Brand Serving Platter — Minimal (solid oak),Household,Variant of Serving Platter with matte aesthetic. Material: solid oak. Tuned for efficiency and longevity; upgraded components and finish.,413.61,solid oak,5,0,89.1
252,Generic Brand Charcuterie Board — Classic (glass),Household,Variant of Charcuterie Board with gloss aesthetic. Material: glass. Tuned for efficiency and longevity; upgraded components and finish.,33.32,glass,4,6,12.7
253,Generic Brand Wine Glass Set — Heritage (bamboo),Household,Variant of Wine Glass Set with brushed aesthetic. Material: bamboo. Tuned for efficiency and longevity; upgraded components and finish.,377.55,bamboo,3,24,28.8
254,Generic Brand Coat Rack — Performance (solid oak),Household,Variant of Coat Rack with brushed aesthetic. Material: solid oak. Tuned for efficiency and longevity; upgraded components and finish.,136.63,solid oak,4,18,109.7
255,Generic Brand Shoe Storage Bench — Premium (stoneware),Household,Variant of Shoe Storage Bench with brushed aesthetic. Material: stoneware. Tuned for efficiency and longevity; upgraded components and finish.,306.72,stoneware,3,36,99.0
256,Generic Brand Laundry Drying Rack — Premium (woven rattan),Household,Variant of Laundry Drying Rack with textured aesthetic. Material: woven rattan. Tuned for efficiency and longevity; upgraded components and finish.,20.13,woven rattan,4,0,91.5
257,Generic Brand Knife Sharpening Stone — Eco (woven rattan),Household,Variant of Knife Sharpening Stone with brushed aesthetic. Material: woven rattan. Tuned for efficiency and longevity; upgraded components and finish.,171.15,woven rattan,4,24,57.6
258,Generic Brand Bamboo Cutting Board — Performance (powder-coated steel),Household,Variant of Bamboo Cutting Board with gloss aesthetic. Material: powder-coated steel. Tuned for efficiency and longevity; upgraded components and finish.,344.66,powder-coated steel,3,18,61.0
259,Generic Brand Microfiber Cleaning Cloths — Premium (glass),Household,Variant of Microfiber Cleaning Cloths with natural aesthetic. Material: glass. Tuned for efficiency and longevity; upgraded components and finish.,28.55,glass,3,24,77.4
260,Generic Brand Spray Bottle Set — Eco (glass),Household,Variant of Spray Bottle Set with natural aesthetic. Material: glass. Tuned for efficiency and longevity; upgraded components and finish.,209.22,glass,5,18,81.6
261,Generic Brand Under-Bed Storage — Premium (reclaimed wood),Household,Variant of Under-Bed Storage with textured aesthetic. Material: reclaimed wood. Tuned for efficiency and longevity; upgraded components and finish.,333.38,reclaimed wood,3,24,61.4
262,Generic Brand Drawer Dividers — Urban (FSC recycled paper),Household,Variant of Drawer Dividers with brushed aesthetic. Material: FSC recycled paper. Tuned for efficiency and longevity; upgraded components and finish.,61.03,FSC recycled paper,5,0,43.1
263,Generic Brand Desk Lamp — Eco (stoneware),Household,Variant of Desk Lamp with brushed aesthetic. Material: stoneware. Tuned for efficiency and longevity; upgraded components and finish.,440.28,stoneware,4,24,82.3
264,Generic Brand Reading Lamp — Eco (bamboo),Household,Variant of Reading Lamp with gloss aesthetic. Material: bamboo. Tuned for efficiency and longevity; upgraded components and finish.,389.68,bamboo,3,0,98.6
265,Generic Brand Bedside Table — Bold (woven rattan),Household,Variant of Bedside Table with matte aesthetic. Material: woven rattan. Tuned for efficiency and longevity; upgraded components and finish.,498.62,woven rattan,4,6,43.6
266,Generic Brand Nightstand — Minimal (stoneware),Household,Variant of Nightstand with brushed aesthetic. Material: stoneware. Tuned for efficiency and longevity; upgraded components and finish.,119.31,stoneware,4,12,33.9
267,Generic Brand Smartwatch — Soft (stainless steel),Gadgets,"Smartwatch in Soft finish. Material: stainless steel. Designed for practical, everyday use with improved ergonomics and reliability.",118.57,stainless steel,4,36,260.4
268,Generic Brand Wireless Earbuds — Soft (stainless steel),Gadgets,"Wireless Earbuds in Soft finish. Material: stainless steel. Designed for practical, everyday use with improved ergonomics and reliability.",405.76,stainless steel,5,36,121.3
269,Generic Brand Noise-Canceling Headphones — Minimal (aluminum chassis),Gadgets,"Noise-Canceling Headphones in Minimal finish. Material: aluminum chassis. Designed for practical, everyday use with improved ergonomics and reliability.",647.01,aluminum chassis,4,0,205.5
270,Generic Brand Fitness Tracker — Urban (magnesium alloy),Gadgets,"Fitness Tracker in Urban finish. Material: magnesium alloy. Designed for practical, everyday use with improved ergonomics and reliability.",303.4,magnesium alloy,3,6,116.6
271,Generic Brand E-ink Planner Tablet — Eco (PC+ABS blend),Gadgets,"E-ink Planner Tablet in Eco finish. Material: PC+ABS blend. Designed for practical, everyday use with improved ergonomics and reliability.",347.52,PC+ABS blend,4,0,65.3
272,Generic Brand Portable Projector — Studio (ABS plastic),Gadgets,"Portable Projector in Studio finish. Material: ABS plastic. Designed for practical, everyday use with improved ergonomics and reliability.",215.02,ABS plastic,3,0,74.7
273,Generic Brand Robot Vacuum — Studio (ABS plastic),Gadgets,"Robot Vacuum in Studio finish. Material: ABS plastic. Designed for practical, everyday use with improved ergonomics and reliability.",198.31,ABS plastic,3,18,297.3
274,Generic Brand Bluetooth Speaker — Studio (magnesium alloy),Gadgets,"Bluetooth Speaker in Studio finish. Material: magnesium alloy. Designed for practical, everyday use with improved ergonomics and reliability.",798.79,magnesium alloy,5,0,61.2
275,Generic Brand Smart Home Hub — Heritage (aluminum chassis),Gadgets,"Smart Home Hub in Heritage finish. Material: aluminum chassis. Designed for practical, everyday use with improved ergonomics and reliability.",258.99,aluminum chassis,3,0,148.7
276,Generic Brand Wi-Fi Mesh Router — Premium (magnesium alloy),Gadgets,"Wi-Fi Mesh Router in Premium finish. Material: magnesium alloy. Designed for practical, everyday use with improved ergonomics and reliability.",254.09,magnesium alloy,4,24,126.8
277,Generic Brand USB-C Power Bank — Studio (aluminum chassis),Gadgets,"USB-C Power Bank in Studio finish. Material: aluminum chassis. Designed for practical, everyday use with improved ergonomics and reliability.",406.25,aluminum chassis,3,36,251.1
278,Generic Brand External SSD — Eco (bioplastic shell),Gadgets,"External SSD in Eco finish. Material: bioplastic shell. Designed for practical, everyday use with improved ergonomics and reliability.",265.92,bioplastic shell,4,18,183.8
279,Generic Brand Thermal Label Printer — Studio (stainless steel),Gadgets,"Thermal Label Printer in Studio finish. Material: stainless steel. Designed for practical, everyday use with improved ergonomics and reliability.",926.98,stainless steel,3,36,68.0
280,Generic Brand USB-C Docking Hub — Performance (stainless steel),Gadgets,"USB-C Docking Hub in Performance finish. Material: stainless steel. Designed for practical, everyday use with improved ergonomics and reliability.",199.93,stainless steel,5,0,173.6
281,Generic Brand Mechanical Keyboard — Soft (magnesium alloy),Gadgets,"Mechanical Keyboard in Soft finish. Material: magnesium alloy. Designed for practical, everyday use with improved ergonomics and reliability.",401.77,magnesium alloy,3,24,286.4
282,Generic Brand Ergonomic Mouse — Soft (bioplastic shell),Gadgets,"Ergonomic Mouse in Soft finish. Material: bioplastic shell. Designed for practical, everyday use with improved ergonomics and reliability.",814.12,bioplastic shell,5,36,76.8
283,Generic Brand HD Webcam — Eco (aluminum chassis),Gadgets,"HD Webcam in Eco finish. Material: aluminum chassis. Designed for practical, everyday use with improved ergonomics and reliability.",167.04,aluminum chassis,3,12,241.6
284,Generic Brand USB Studio Microphone — Minimal (bioplastic shell),Gadgets,"USB Studio Microphone in Minimal finish. Material: bioplastic shell. Designed for practical, everyday use with improved ergonomics and reliability.",808.12,bioplastic shell,3,6,63.3
285,Generic Brand Ring Light — Urban (bioplastic shell),Gadgets,"Ring Light in Urban finish. Material: bioplastic shell. Designed for practical, everyday use with improved ergonomics and reliability.",305.18,bioplastic shell,5,36,59.6
286,Generic Brand Monitor Light Bar — Eco (stainless steel),Gadgets,"Monitor Light Bar in Eco finish. Material: stainless steel. Designed for practical, everyday use with improved ergonomics and reliability.",390.62,stainless steel,4,12,210.4
287,Generic Brand Indoor Security Camera — Minimal (recycled aluminum),Gadgets,"Indoor Security Camera in Minimal finish. Material: recycled aluminum. Designed for practical, everyday use with improved ergonomics and reliability.",317.61,recycled aluminum,3,6,143.5
288,Generic Brand Smart Thermostat — Urban (bioplastic shell),Gadgets,"Smart Thermostat in Urban finish. Material: bioplastic shell. Designed for practical, everyday use with improved ergonomics and reliability.",39.01,bioplastic shell,5,0,179.9
289,Generic Brand Video Doorbell — Studio (aluminum chassis),Gadgets,"Video Doorbell in Studio finish. Material: aluminum chassis. Designed for practical, everyday use with improved ergonomics and reliability.",562.16,aluminum chassis,4,36,126.0
290,Generic Brand Smart Lock — Performance (recycled aluminum),Gadgets,"Smart Lock in Performance finish. Material: recycled aluminum. Designed for practical, everyday use with improved ergonomics and reliability.",616.43,recycled aluminum,3,6,75.7
291,Generic Brand Smart Plug Set — Urban (magnesium alloy),Gadgets,"Smart Plug Set in Urban finish. Material: magnesium alloy. Designed for practical, everyday use with improved ergonomics and reliability.",825.69,magnesium alloy,5,0,208.7
292,Generic Brand Smart LED Bulbs — Bold (stainless steel),Gadgets,"Smart LED Bulbs in Bold finish. Material: stainless steel. Designed for practical, everyday use with improved ergonomics and reliability.",706.58,stainless steel,3,24,77.0
293,Generic Brand Smart Curtain Motor — Performance (magnesium alloy),Gadgets,"Smart Curtain Motor in Performance finish. Material: magnesium alloy. Designed for practical, everyday use with improved ergonomics and reliability.",554.64,magnesium alloy,3,0,198.7
294,Generic Brand Digital Photo Frame — Urban (aluminum chassis),Gadgets,"Digital Photo Frame in Urban finish. Material: aluminum chassis. Designed for practical, everyday use with improved ergonomics and reliability.",442.1,aluminum chassis,5,6,258.2
295,Generic Brand Electric Toothbrush — Bold (bioplastic shell),Gadgets,"Electric Toothbrush in Bold finish. Material: bioplastic shell. Designed for practical, everyday use with improved ergonomics and reliability.",226.83,bioplastic shell,3,12,290.2
296,Generic Brand Water Flosser — Heritage (magnesium alloy),Gadgets,"Water Flosser in Heritage finish. Material: magnesium alloy. Designed for practical, everyday use with improved ergonomics and reliability.",874.85,magnesium alloy,3,0,97.3
297,Generic Brand Kitchen Scale — Eco (ABS plastic),Gadgets,"Kitchen Scale in Eco finish. Material: ABS plastic. Designed for practical, everyday use with improved ergonomics and reliability.",674.51,ABS plastic,4,24,213.1
298,Generic Brand Smart Food Thermometer — Eco (recycled aluminum),Gadgets,"Smart Food Thermometer in Eco finish. Material: recycled aluminum. Designed for practical, everyday use with improved ergonomics and reliability.",206.05,recycled aluminum,5,24,79.9
299,Generic Brand Sous Vide Cooker — Classic (stainless steel),Gadgets,"Sous Vide Cooker in Classic finish. Material: stainless steel. Designed for practical, everyday use with improved ergonomics and reliability.",137.0,stainless steel,4,36,95.5
300,Generic Brand Coffee Grinder — Premium (bioplastic shell),Gadgets,"Coffee Grinder in Premium finish. Material: bioplastic shell. Designed for practical, everyday use with improved ergonomics and reliability.",110.09,bioplastic shell,5,24,284.8
301,Generic Brand Milk Frother — Performance (aluminum chassis),Gadgets,"Milk Frother in Performance finish. Material: aluminum chassis. Designed for practical, everyday use with improved ergonomics and reliability.",276.8,aluminum chassis,5,24,64.4
302,Generic Brand Compact Blender — Minimal (magnesium alloy),Gadgets,"Compact Blender in Minimal finish. Material: magnesium alloy. Designed for practical, everyday use with improved ergonomics and reliability.",724.57,magnesium alloy,5,0,171.8
303,Generic Brand Mini Juicer — Heritage (stainless steel),Gadgets,"Mini Juicer in Heritage finish. Material: stainless steel. Designed for practical, everyday use with improved ergonomics and reliability.",447.76,stainless steel,5,36,206.5
304,Generic Brand Handheld Vacuum — Heritage (aluminum chassis),Gadgets,"Handheld Vacuum in Heritage finish. Material: aluminum chassis. Designed for practical, everyday use with improved ergonomics and reliability.",763.73,aluminum chassis,5,24,81.0
305,Generic Brand Steam Iron — Bold (bioplastic shell),Gadgets,"Steam Iron in Bold finish. Material: bioplastic shell. Designed for practical, everyday use with improved ergonomics and reliability.",403.17,bioplastic shell,5,18,260.1
306,Generic Brand Garment Steamer — Heritage (stainless steel),Gadgets,"Garment Steamer in Heritage finish. Material: stainless steel. Designed for practical, everyday use with improved ergonomics and reliability.",127.24,stainless steel,5,12,279.3
307,Generic Brand Laser Measure — Studio (stainless steel),Gadgets,"Laser Measure in Studio finish. Material: stainless steel. Designed for practical, everyday use with improved ergonomics and reliability.",563.98,stainless steel,4,12,188.8
308,Generic Brand Multitool Screwdriver — Soft (recycled aluminum),Gadgets,"Multitool Screwdriver in Soft finish. Material: recycled aluminum. Designed for practical, everyday use with improved ergonomics and reliability.",524.97,recycled aluminum,3,24,129.1
309,Generic Brand Soldering Iron Kit — Soft (aluminum chassis),Gadgets,"Soldering Iron Kit in Soft finish. Material: aluminum chassis. Designed for practical, everyday use with improved ergonomics and reliability.",862.78,aluminum chassis,4,36,276.6
310,Generic Brand Cordless Drill — Soft (ABS plastic),Gadgets,"Cordless Drill in Soft finish. Material: ABS plastic. Designed for practical, everyday use with improved ergonomics and reliability.",417.36,ABS plastic,5,12,276.1
311,Generic Brand Portable Scanner — Bold (aluminum chassis),Gadgets,"Portable Scanner in Bold finish. Material: aluminum chassis. Designed for practical, everyday use with improved ergonomics and reliability.",433.3,aluminum chassis,5,36,138.8
312,Generic Brand Label Maker — Heritage (bioplastic shell),Gadgets,"Label Maker in Heritage finish. Material: bioplastic shell. Designed for practical, everyday use with improved ergonomics and reliability.",35.99,bioplastic shell,5,12,97.3
313,Generic Brand Bike Computer GPS — Minimal (PC+ABS blend),Gadgets,"Bike Computer GPS in Minimal finish. Material: PC+ABS blend. Designed for practical, everyday use with improved ergonomics and reliability.",60.64,PC+ABS blend,3,12,64.0
314,Generic Brand LED Headlamp — Performance (bioplastic shell),Gadgets,"LED Headlamp in Performance finish. Material: bioplastic shell. Designed for practical, everyday use with improved ergonomics and reliability.",113.63,bioplastic shell,3,12,194.6
315,Generic Brand Dash Cam — Studio (magnesium alloy),Gadgets,"Dash Cam in Studio finish. Material: magnesium alloy. Designed for practical, everyday use with improved ergonomics and reliability.",596.55,magnesium alloy,3,36,160.1
316,Generic Brand Car Phone Mount — Bold (recycled aluminum),Gadgets,"Car Phone Mount in Bold finish. Material: recycled aluminum. Designed for practical, everyday use with improved ergonomics and reliability.",435.44,recycled aluminum,5,36,285.5
317,Generic Brand Wireless Charging Pad — Soft (aluminum chassis),Gadgets,"Wireless Charging Pad in Soft finish. Material: aluminum chassis. Designed for practical, everyday use with improved ergonomics and reliability.",179.84,aluminum chassis,4,18,221.8
318,Generic Brand Travel Adapter — Soft (aluminum chassis),Gadgets,"Travel Adapter in Soft finish. Material: aluminum chassis. Designed for practical, everyday use with improved ergonomics and reliability.",485.45,aluminum chassis,5,6,273.1
319,Generic Brand Power Strip Surge — Minimal (stainless steel),Gadgets,"Power Strip Surge in Minimal finish. Material: stainless steel. Designed for practical, everyday use with improved ergonomics and reliability.",632.17,stainless steel,3,18,174.4
320,Generic Brand USB-C Cable Trio — Performance (stainless steel),Gadgets,"USB-C Cable Trio in Performance finish. Material: stainless steel. Designed for practical, everyday use with improved ergonomics and reliability.",159.11,stainless steel,4,12,282.5
321,Generic Brand Smart Garden — Heritage (recycled aluminum),Gadgets,"Smart Garden in Heritage finish. Material: recycled aluminum. Designed for practical, everyday use with improved ergonomics and reliability.",552.0,recycled aluminum,5,6,180.4
322,Generic Brand Mini Dehumidifier — Performance (ABS plastic),Gadgets,"Mini Dehumidifier in Performance finish. Material: ABS plastic. Designed for practical, everyday use with improved ergonomics and reliability.",603.57,ABS plastic,3,0,185.1
323,Generic Brand Compact Air Purifier — Bold (PC+ABS blend),Gadgets,"Compact Air Purifier in Bold finish. Material: PC+ABS blend. Designed for practical, everyday use with improved ergonomics and reliability.",339.49,PC+ABS blend,3,36,81.1
324,Generic Brand Solar Power Bank — Eco (bioplastic shell),Gadgets,"Solar Power Bank in Eco finish. Material: bioplastic shell. Designed for practical, everyday use with improved ergonomics and reliability.",797.26,bioplastic shell,3,36,286.4
325,Generic Brand Desk Fan USB — Premium (PC+ABS blend),Gadgets,"Desk Fan USB in Premium finish. Material: PC+ABS blend. Designed for practical, everyday use with improved ergonomics and reliability.",109.34,PC+ABS blend,5,6,55.9
326,Generic Brand Portable Induction Cooktop — Bold (ABS plastic),Gadgets,"Portable Induction Cooktop in Bold finish. Material: ABS plastic. Designed for practical, everyday use with improved ergonomics and reliability.",569.91,ABS plastic,5,24,209.8
327,Generic Brand Smart Diffuser — Heritage (stainless steel),Gadgets,"Smart Diffuser in Heritage finish. Material: stainless steel. Designed for practical, everyday use with improved ergonomics and reliability.",440.28,stainless steel,5,12,68.0
328,Generic Brand Smart Kettle — Bold (bioplastic shell),Gadgets,"Smart Kettle in Bold finish. Material: bioplastic shell. Designed for practical, everyday use with improved ergonomics and reliability.",337.55,bioplastic shell,3,12,219.8
329,Generic Brand Electric Hair Trimmer — Urban (recycled aluminum),Gadgets,"Electric Hair Trimmer in Urban finish. Material: recycled aluminum. Designed for practical, everyday use with improved ergonomics and reliability.",400.02,recycled aluminum,5,12,77.7
330,Generic Brand Ionic Hair Dryer — Minimal (bioplastic shell),Gadgets,"Ionic Hair Dryer in Minimal finish. Material: bioplastic shell. Designed for practical, everyday use with improved ergonomics and reliability.",228.14,bioplastic shell,5,12,138.7
331,Generic Brand Curling Iron Wand — Bold (magnesium alloy),Gadgets,"Curling Iron Wand in Bold finish. Material: magnesium alloy. Designed for practical, everyday use with improved ergonomics and reliability.",300.06,magnesium alloy,3,12,191.1
332,Generic Brand Hair Straightener — Performance (PC+ABS blend),Gadgets,"Hair Straightener in Performance finish. Material: PC+ABS blend. Designed for practical, everyday use with improved ergonomics and reliability.",534.98,PC+ABS blend,5,36,253.0
333,Generic Brand Beard Grooming Kit — Studio (magnesium alloy),Gadgets,"Beard Grooming Kit in Studio finish. Material: magnesium alloy. Designed for practical, everyday use with improved ergonomics and reliability.",894.69,magnesium alloy,3,0,193.6
334,Generic Brand Bluetooth Speaker — Minimal (stainless steel),Gadgets,Variant of Bluetooth Speaker with gloss aesthetic. Material: stainless steel. Tuned for efficiency and longevity; upgraded components and finish.,490.7,stainless steel,4,24,231.5
335,Generic Brand Smart Home Hub — Premium (stainless steel),Gadgets,Variant of Smart Home Hub with matte aesthetic. Material: stainless steel. Tuned for efficiency and longevity; upgraded components and finish.,769.96,stainless steel,3,0,178.7
336,Generic Brand Wi-Fi Mesh Router — Soft (magnesium alloy),Gadgets,Variant of Wi-Fi Mesh Router with brushed aesthetic. Material: magnesium alloy. Tuned for efficiency and longevity; upgraded components and finish.,102.5,magnesium alloy,3,6,60.7
337,Generic Brand USB-C Power Bank — Urban (ABS plastic),Gadgets,Variant of USB-C Power Bank with textured aesthetic. Material: ABS plastic. Tuned for efficiency and longevity; upgraded components and finish.,715.57,ABS plastic,3,6,84.0
338,Generic Brand External SSD — Soft (ABS plastic),Gadgets,Variant of External SSD with brushed aesthetic. Material: ABS plastic. Tuned for efficiency and longevity; upgraded components and finish.,114.1,ABS plastic,5,36,173.8
339,Generic Brand Thermal Label Printer — Studio (PC+ABS blend),Gadgets,Variant of Thermal Label Printer with gloss aesthetic. Material: PC+ABS blend. Tuned for efficiency and longevity; upgraded components and finish.,723.97,PC+ABS blend,5,24,53.9
340,Generic Brand USB-C Docking Hub — Classic (PC+ABS blend),Gadgets,Variant of USB-C Docking Hub with brushed aesthetic. Material: PC+ABS blend. Tuned for efficiency and longevity; upgraded components and finish.,354.71,PC+ABS blend,5,12,234.4
341,Generic Brand Mechanical Keyboard — Minimal (aluminum chassis),Gadgets,Variant of Mechanical Keyboard with gloss aesthetic. Material: aluminum chassis. Tuned for efficiency and longevity; upgraded components and finish.,625.1,aluminum chassis,3,6,299.2
342,Generic Brand Ergonomic Mouse — Performance (stainless steel),Gadgets,Variant of Ergonomic Mouse with natural aesthetic. Material: stainless steel. Tuned for efficiency and longevity; upgraded components and finish.,726.39,stainless steel,4,6,268.3
343,Generic Brand HD Webcam — Performance (bioplastic shell),Gadgets,Variant of HD Webcam with textured aesthetic. Material: bioplastic shell. Tuned for efficiency and longevity; upgraded components and finish.,468.03,bioplastic shell,4,18,105.9
344,Generic Brand USB Studio Microphone — Soft (aluminum chassis),Gadgets,Variant of USB Studio Microphone with textured aesthetic. Material: aluminum chassis. Tuned for efficiency and longevity; upgraded components and finish.,154.58,aluminum chassis,3,18,250.2
345,Generic Brand Ring Light — Classic (magnesium alloy),Gadgets,Variant of Ring Light with brushed aesthetic. Material: magnesium alloy. Tuned for efficiency and longevity; upgraded components and finish.,597.56,magnesium alloy,3,0,230.5
346,Generic Brand Monitor Light Bar — Minimal (bioplastic shell),Gadgets,Variant of Monitor Light Bar with brushed aesthetic. Material: bioplastic shell. Tuned for efficiency and longevity; upgraded components and finish.,107.99,bioplastic shell,5,12,242.3
347,Generic Brand Indoor Security Camera — Heritage (bioplastic shell),Gadgets,Variant of Indoor Security Camera with matte aesthetic. Material: bioplastic shell. Tuned for efficiency and longevity; upgraded components and finish.,364.0,bioplastic shell,4,6,216.5
348,Generic Brand Smart Thermostat — Classic (bioplastic shell),Gadgets,Variant of Smart Thermostat with textured aesthetic. Material: bioplastic shell. Tuned for efficiency and longevity; upgraded components and finish.,527.49,bioplastic shell,5,36,56.7
349,Generic Brand Video Doorbell — Urban (ABS plastic),Gadgets,Variant of Video Doorbell with brushed aesthetic. Material: ABS plastic. Tuned for efficiency and longevity; upgraded components and finish.,827.5,ABS plastic,4,36,286.3
350,Generic Brand Smart Lock — Bold (recycled aluminum),Gadgets,Variant of Smart Lock with textured aesthetic. Material: recycled aluminum. Tuned for efficiency and longevity; upgraded components and finish.,182.4,recycled aluminum,5,6,122.1
351,Generic Brand Smart Plug Set — Performance (aluminum chassis),Gadgets,Variant of Smart Plug Set with textured aesthetic. Material: aluminum chassis. Tuned for efficiency and longevity; upgraded components and finish.,621.73,aluminum chassis,3,24,162.2
352,Generic Brand Smart LED Bulbs — Urban (recycled aluminum),Gadgets,Variant of Smart LED Bulbs with brushed aesthetic. Material: recycled aluminum. Tuned for efficiency and longevity; upgraded components and finish.,435.22,recycled aluminum,4,36,298.8
353,Generic Brand Smart Curtain Motor — Heritage (stainless steel),Gadgets,Variant of Smart Curtain Motor with natural aesthetic. Material: stainless steel. Tuned for efficiency and longevity; upgraded components and finish.,400.27,stainless steel,5,0,122.1
354,Generic Brand Digital Photo Frame — Heritage (aluminum chassis),Gadgets,Variant of Digital Photo Frame with matte aesthetic. Material: aluminum chassis. Tuned for efficiency and longevity; upgraded components and finish.,569.97,aluminum chassis,5,6,153.6
355,Generic Brand Electric Toothbrush — Urban (magnesium alloy),Gadgets,Variant of Electric Toothbrush with natural aesthetic. Material: magnesium alloy. Tuned for efficiency and longevity; upgraded components and finish.,78.04,magnesium alloy,3,12,241.3
356,Generic Brand Water Flosser — Heritage (recycled aluminum),Gadgets,Variant of Water Flosser with matte aesthetic. Material: recycled aluminum. Tuned for efficiency and longevity; upgraded components and finish.,512.88,recycled aluminum,3,12,119.4
357,Generic Brand Kitchen Scale — Performance (PC+ABS blend),Gadgets,Variant of Kitchen Scale with brushed aesthetic. Material: PC+ABS blend. Tuned for efficiency and longevity; upgraded components and finish.,30.28,PC+ABS blend,3,36,69.6
358,Generic Brand Smart Food Thermometer — Eco (ABS plastic),Gadgets,Variant of Smart Food Thermometer with brushed aesthetic. Material: ABS plastic. Tuned for efficiency and longevity; upgraded components and finish.,864.04,ABS plastic,5,18,257.8
359,Generic Brand Sous Vide Cooker — Heritage (stainless steel),Gadgets,Variant of Sous Vide Cooker with brushed aesthetic. Material: stainless steel. Tuned for efficiency and longevity; upgraded components and finish.,754.82,stainless steel,5,18,181.9
360,Generic Brand Coffee Grinder — Performance (stainless steel),Gadgets,Variant of Coffee Grinder with gloss aesthetic. Material: stainless steel. Tuned for efficiency and longevity; upgraded components and finish.,244.07,stainless steel,3,0,136.0
361,Generic Brand Milk Frother — Bold (bioplastic shell),Gadgets,Variant of Milk Frother with matte aesthetic. Material: bioplastic shell. Tuned for efficiency and longevity; upgraded components and finish.,44.02,bioplastic shell,4,24,244.7
362,Generic Brand Compact Blender — Bold (aluminum chassis),Gadgets,Variant of Compact Blender with matte aesthetic. Material: aluminum chassis. Tuned for efficiency and longevity; upgraded components and finish.,57.78,aluminum chassis,5,6,55.4
363,Generic Brand Mini Juicer — Urban (bioplastic shell),Gadgets,Variant of Mini Juicer with natural aesthetic. Material: bioplastic shell. Tuned for efficiency and longevity; upgraded components and finish.,587.41,bioplastic shell,3,36,160.4
364,Generic Brand Handheld Vacuum — Premium (PC+ABS blend),Gadgets,Variant of Handheld Vacuum with matte aesthetic. Material: PC+ABS blend. Tuned for efficiency and longevity; upgraded components and finish.,128.54,PC+ABS blend,5,24,221.3
365,Generic Brand Steam Iron — Soft (magnesium alloy),Gadgets,Variant of Steam Iron with textured aesthetic. Material: magnesium alloy. Tuned for efficiency and longevity; upgraded components and finish.,592.73,magnesium alloy,5,0,139.6
366,Generic Brand Garment Steamer — Classic (PC+ABS blend),Gadgets,Variant of Garment Steamer with natural aesthetic. Material: PC+ABS blend. Tuned for efficiency and longevity; upgraded components and finish.,698.01,PC+ABS blend,5,24,248.8
367,Generic Brand Laser Measure — Minimal (stainless steel),Gadgets,Variant of Laser Measure with gloss aesthetic. Material: stainless steel. Tuned for efficiency and longevity; upgraded components and finish.,276.42,stainless steel,3,36,133.0
368,Generic Brand Multitool Screwdriver — Minimal (magnesium alloy),Gadgets,Variant of Multitool Screwdriver with natural aesthetic. Material: magnesium alloy. Tuned for efficiency and longevity; upgraded components and finish.,730.36,magnesium alloy,4,6,297.9
369,Generic Brand Soldering Iron Kit — Minimal (PC+ABS blend),Gadgets,Variant of Soldering Iron Kit with matte aesthetic. Material: PC+ABS blend. Tuned for efficiency and longevity; upgraded components and finish.,711.64,PC+ABS blend,3,18,144.6
370,Generic Brand Cordless Drill — Minimal (PC+ABS blend),Gadgets,Variant of Cordless Drill with textured aesthetic. Material: PC+ABS blend. Tuned for efficiency and longevity; upgraded components and finish.,769.31,PC+ABS blend,5,18,56.1
371,Generic Brand Portable Scanner — Classic (ABS plastic),Gadgets,Variant of Portable Scanner with matte aesthetic. Material: ABS plastic. Tuned for efficiency and longevity; upgraded components and finish.,592.89,ABS plastic,3,12,272.8
372,Generic Brand Label Maker — Classic (magnesium alloy),Gadgets,Variant of Label Maker with brushed aesthetic. Material: magnesium alloy. Tuned for efficiency and longevity; upgraded components and finish.,701.66,magnesium alloy,3,0,132.0
373,Generic Brand Bike Computer GPS — Minimal (bioplastic shell),Gadgets,Variant of Bike Computer GPS with brushed aesthetic. Material: bioplastic shell. Tuned for efficiency and longevity; upgraded components and finish.,414.43,bioplastic shell,5,12,114.9
374,Generic Brand LED Headlamp — Bold (stainless steel),Gadgets,Variant of LED Headlamp with matte aesthetic. Material: stainless steel. Tuned for efficiency and longevity; upgraded components and finish.,659.84,stainless steel,5,18,84.1
375,Generic Brand Dash Cam — Minimal (magnesium alloy),Gadgets,Variant of Dash Cam with natural aesthetic. Material: magnesium alloy. Tuned for efficiency and longevity; upgraded components and finish.,140.85,magnesium alloy,3,36,82.1
376,Generic Brand Car Phone Mount — Eco (aluminum chassis),Gadgets,Variant of Car Phone Mount with brushed aesthetic. Material: aluminum chassis. Tuned for efficiency and longevity; upgraded components and finish.,535.44,aluminum chassis,3,6,113.8
377,Generic Brand Wireless Charging Pad — Eco (bioplastic shell),Gadgets,Variant of Wireless Charging Pad with brushed aesthetic. Material: bioplastic shell. Tuned for efficiency and longevity; upgraded components and finish.,320.57,bioplastic shell,5,36,117.3
378,Generic Brand Travel Adapter — Studio (bioplastic shell),Gadgets,Variant of Travel Adapter with matte aesthetic. Material: bioplastic shell. Tuned for efficiency and longevity; upgraded components and finish.,544.59,bioplastic shell,4,18,125.6
379,Generic Brand Power Strip Surge — Eco (stainless steel),Gadgets,Variant of Power Strip Surge with brushed aesthetic. Material: stainless steel. Tuned for efficiency and longevity; upgraded components and finish.,474.04,stainless steel,3,6,253.1
380,Generic Brand USB-C Cable Trio — Performance (magnesium alloy),Gadgets,Variant of USB-C Cable Trio with matte aesthetic. Material: magnesium alloy. Tuned for efficiency and longevity; upgraded components and finish.,131.32,magnesium alloy,4,12,199.2
381,Generic Brand Smart Garden — Studio (bioplastic shell),Gadgets,Variant of Smart Garden with brushed aesthetic. Material: bioplastic shell. Tuned for efficiency and longevity; upgraded components and finish.,728.27,bioplastic shell,4,18,288.5
382,Generic Brand Mini Dehumidifier — Soft (ABS plastic),Gadgets,Variant of Mini Dehumidifier with textured aesthetic. Material: ABS plastic. Tuned for efficiency and longevity; upgraded components and finish.,690.11,ABS plastic,4,24,210.0
383,Generic Brand Compact Air Purifier — Performance (stainless steel),Gadgets,Variant of Compact Air Purifier with matte aesthetic. Material: stainless steel. Tuned for efficiency and longevity; upgraded components and finish.,624.17,stainless steel,4,36,105.4
384,Generic Brand Solar Power Bank — Eco (stainless steel),Gadgets,Variant of Solar Power Bank with brushed aesthetic. Material: stainless steel. Tuned for efficiency and longevity; upgraded components and finish.,31.61,stainless steel,5,12,71.4
385,Generic Brand Desk Fan USB — Soft (stainless steel),Gadgets,Variant of Desk Fan USB with gloss aesthetic. Material: stainless steel. Tuned for efficiency and longevity; upgraded components and finish.,834.42,stainless steel,5,18,255.2
386,Generic Brand Portable Induction Cooktop — Urban (magnesium alloy),Gadgets,Variant of Portable Induction Cooktop with matte aesthetic. Material: magnesium alloy. Tuned for efficiency and longevity; upgraded components and finish.,240.87,magnesium alloy,3,6,200.2
387,Generic Brand Smart Diffuser — Minimal (magnesium alloy),Gadgets,Variant of Smart Diffuser with textured aesthetic. Material: magnesium alloy. Tuned for efficiency and longevity; upgraded components and finish.,706.75,magnesium alloy,5,36,109.6
388,Generic Brand Smart Kettle — Classic (aluminum chassis),Gadgets,Variant of Smart Kettle with brushed aesthetic. Material: aluminum chassis. Tuned for efficiency and longevity; upgraded components and finish.,413.55,aluminum chassis,5,12,58.2
389,Generic Brand Electric Hair Trimmer — Soft (magnesium alloy),Gadgets,Variant of Electric Hair Trimmer with brushed aesthetic. Material: magnesium alloy. Tuned for efficiency and longevity; upgraded components and finish.,695.68,magnesium alloy,3,6,262.4
390,Generic Brand Ionic Hair Dryer — Studio (bioplastic shell),Gadgets,Variant of Ionic Hair Dryer with brushed aesthetic. Material: bioplastic shell. Tuned for efficiency and longevity; upgraded components and finish.,646.76,bioplastic shell,5,12,122.1
391,Generic Brand Curling Iron Wand — Premium (recycled aluminum),Gadgets,Variant of Curling Iron Wand with gloss aesthetic. Material: recycled aluminum. Tuned for efficiency and longevity; upgraded components and finish.,102.26,recycled aluminum,5,12,52.7
392,Generic Brand Hair Straightener — Soft (recycled aluminum),Gadgets,Variant of Hair Straightener with textured aesthetic. Material: recycled aluminum. Tuned for efficiency and longevity; upgraded components and finish.,212.15,recycled aluminum,5,0,243.9
393,Generic Brand Beard Grooming Kit — Premium (recycled aluminum),Gadgets,Variant of Beard Grooming Kit with natural aesthetic. Material: recycled aluminum. Tuned for efficiency and longevity; upgraded components and finish.,515.07,recycled aluminum,5,0,219.6
394,Generic Brand Photo Lightbox — Minimal (magnesium alloy),Gadgets,Variant of Photo Lightbox with brushed aesthetic. Material: magnesium alloy. Tuned for efficiency and longevity; upgraded components and finish.,540.8,magnesium alloy,4,36,223.3
395,Generic Brand Action Camera 4K — Premium (aluminum chassis),Gadgets,Variant of Action Camera 4K with matte aesthetic. Material: aluminum chassis. Tuned for efficiency and longevity; upgraded components and finish.,898.18,aluminum chassis,3,24,170.1
396,Generic Brand Pocket Translator — Bold (bioplastic shell),Gadgets,Variant of Pocket Translator with gloss aesthetic. Material: bioplastic shell. Tuned for efficiency and longevity; upgraded components and finish.,790.09,bioplastic shell,5,36,265.7
397,Generic Brand Smartwatch — Soft (bioplastic shell),Gadgets,Variant of Smartwatch with natural aesthetic. Material: bioplastic shell. Tuned for efficiency and longevity; upgraded components and finish.,372.92,bioplastic shell,5,18,249.5
398,Generic Brand Wireless Earbuds — Bold (stainless steel),Gadgets,Variant of Wireless Earbuds with brushed aesthetic. Material: stainless steel. Tuned for efficiency and longevity; upgraded components and finish.,182.62,stainless steel,5,6,205.2
399,Generic Brand Noise-Canceling Headphones — Heritage (PC+ABS blend),Gadgets,Variant of Noise-Canceling Headphones with matte aesthetic. Material: PC+ABS blend. Tuned for efficiency and longevity; upgraded components and finish.,107.07,PC+ABS blend,5,6,271.5
400,Generic Brand Fitness Tracker — Studio (stainless steel),Gadgets,Variant of Fitness Tracker with natural aesthetic. Material: stainless steel. Tuned for efficiency and longevity; upgraded components and finish.,554.92,stainless steel,5,6,65.4
